{"training_time": 0.0008918012026697397, "accuracy": 0.9473684210526315}